{
  "dataset": "hopper-medium-v2",
  "knn_k": 10,
  "diag_sample": 50000,
  "global_mean_uncertainty": 0.051079969853162766,
  "algorithms": {
    "CQL": {
      "High": {
        "n": 16667,
        "CER": -134.89373779296875,
        "URC": -0.19579053279529987,
        "mean_Q_BC": 2.8131895065307617,
        "mean_Q_algo": 9.703559875488281,
        "mean_uncertainty": 0.040509551763534546
      },
      "Med": {
        "n": 16666,
        "CER": -138.17771911621094,
        "URC": -0.20543682329195562,
        "mean_Q_BC": 2.7341394424438477,
        "mean_Q_algo": 9.792254447937012,
        "mean_uncertainty": 0.05034957081079483
      },
      "Low": {
        "n": 16667,
        "CER": -142.79837036132812,
        "URC": -0.2828548664675343,
        "mean_Q_BC": 2.1967177391052246,
        "mean_Q_algo": 9.490856170654297,
        "mean_uncertainty": 0.062380749732255936
      }
    },
    "APTQ-CQL": {
      "High": {
        "n": 16667,
        "CER": -92.32666015625,
        "URC": -0.19579053279529987,
        "mean_Q_BC": 2.8131895065307617,
        "mean_Q_algo": 7.529233455657959,
        "mean_uncertainty": 0.040509551763534546
      },
      "Med": {
        "n": 16666,
        "CER": -114.59905242919922,
        "URC": -0.20543682329195562,
        "mean_Q_BC": 2.7341394424438477,
        "mean_Q_algo": 8.58785629272461,
        "mean_uncertainty": 0.05034957081079483
      },
      "Low": {
        "n": 16667,
        "CER": -120.5054931640625,
        "URC": -0.2828548664675343,
        "mean_Q_BC": 2.1967177391052246,
        "mean_Q_algo": 8.352136611938477,
        "mean_uncertainty": 0.062380749732255936
      }
    }
  }
}