{
  "TD3-BC": [
    0.20182753933800593,
    0.030262442427934872
  ],
  "CQL": [
    2.899150186114841,
    0.06107089727164772
  ],
  "Ensemble": [
    0.22183182504442003,
    0.009970963248168225
  ],
  "BEAR": [
    0.1048861179086897,
    0.015491488041262573
  ],
  "UWAC": [
    0.2681604391998715,
    0.004388081819264763
  ],
  "MOPO": [
    0.02389934141602781,
    0.004102937227294525
  ],
  "APTQ-CQL": [
    1.6324716144137914,
    0.05043295330667693
  ]
}