Algorithm,Mean,Std
TD3-BC,0.11212066974904804,0.022895933248181753
CQL,2.292573849360148,0.14103023394623773
Ensemble,0.11830243633853064,0.010421904407242862
BEAR,-0.0010859180862704935,0.053596943227537185
UWAC,0.14406516154607138,0.015555392555364441
MOPO,0.014027608662015861,0.0011918149986491506
APTQ-CQL,1.33295476436615,0.14282561370383762
