{
  "TD3-BC": [
    [
      -0.05123685300350189,
      -0.02873029187321663,
      0.00047458629705943167,
      0.027245212346315384,
      0.0631302073597908,
      0.09403368085622787,
      0.12106882035732269,
      0.16648657619953156,
      0.1931457817554474,
      0.2240677922964096
    ],
    [
      -0.05291981250047684,
      -0.03492056205868721,
      0.0011509517207741737,
      0.015839749947190285,
      0.0505734421312809,
      0.08115684241056442,
      0.10628359019756317,
      0.1421363651752472,
      0.17479749023914337,
      0.18986056745052338
    ],
    [
      0.03574308753013611,
      0.05622721090912819,
      0.0739629790186882,
      0.09943573921918869,
      0.12260722368955612,
      0.14590393006801605,
      0.1751003861427307,
      0.2141912877559662,
      0.2621012032032013,
      0.24966078996658325
    ]
  ],
  "CQL": [
    [
      0.26823392510414124,
      0.48130425810813904,
      0.8156904578208923,
      1.1850907802581787,
      1.590334415435791,
      1.9387032985687256,
      2.21183443069458,
      2.635768413543701,
      2.818246364593506,
      3.1475181579589844
    ],
    [
      0.24968449771404266,
      0.49881309270858765,
      0.8759070038795471,
      1.0803909301757812,
      1.5519781112670898,
      1.8658697605133057,
      2.2342967987060547,
      2.6467559337615967,
      2.921593427658081,
      3.385507106781006
    ],
    [
      0.3593442738056183,
      0.5896928906440735,
      0.8950952887535095,
      1.3095489740371704,
      1.6037919521331787,
      1.9367549419403076,
      2.2858083248138428,
      2.536830425262451,
      2.8590383529663086,
      3.1410934925079346
    ]
  ],
  "Ensemble": [
    [
      0.01823718659579754,
      0.03484010696411133,
      0.06422200053930283,
      0.08385136723518372,
      0.10837017744779587,
      0.14337675273418427,
      0.1632777452468872,
      0.19315113127231598,
      0.21671025454998016,
      0.257028192281723
    ],
    [
      0.02154126949608326,
      0.03754570335149765,
      0.06319992989301682,
      0.07413119822740555,
      0.10473085939884186,
      0.13626381754875183,
      0.14479950070381165,
      0.19112612307071686,
      0.21673445403575897,
      0.22032208740711212
    ],
    [
      0.024445097893476486,
      0.05238823965191841,
      0.06309594959020615,
      0.08876332640647888,
      0.11493097245693207,
      0.13413913547992706,
      0.16671094298362732,
      0.2016567587852478,
      0.25695279240608215,
      0.2428046315908432
    ]
  ],
  "BEAR": [
    [
      0.006240833085030317,
      0.017788024619221687,
      0.045587070286273956,
      0.059020306915044785,
      0.08392756432294846,
      0.09430547058582306,
      0.10162384808063507,
      0.1213519498705864,
      0.11971818655729294,
      0.13895131647586823
    ],
    [
      0.041099026799201965,
      0.02623031660914421,
      0.03836817294359207,
      0.02585747092962265,
      0.05784542113542557,
      0.06813972443342209,
      0.07868317514657974,
      0.07984909415245056,
      0.10430936515331268,
      0.09185490012168884
    ],
    [
      -0.025208601728081703,
      -0.03184930235147476,
      0.0018398920074105263,
      0.016504516825079918,
      0.0188844446092844,
      0.040573909878730774,
      0.058506909757852554,
      0.0701766312122345,
      0.08204828202724457,
      0.1357153356075287
    ]
  ],
  "UWAC": [
    [
      0.026194702833890915,
      0.050935298204422,
      0.08223360031843185,
      0.10089517384767532,
      0.13295790553092957,
      0.16930964589118958,
      0.2021453082561493,
      0.2366015911102295,
      0.26314523816108704,
      0.30901992321014404
    ],
    [
      0.04765823110938072,
      0.06140144169330597,
      0.09737798571586609,
      0.1193179190158844,
      0.14824901521205902,
      0.1784459352493286,
      0.20491716265678406,
      0.24056199193000793,
      0.2787746787071228,
      0.2986918091773987
    ],
    [
      0.03061046078801155,
      0.05132288113236427,
      0.08386661112308502,
      0.10871171951293945,
      0.13296917080879211,
      0.16926130652427673,
      0.2010444551706314,
      0.23027372360229492,
      0.26799625158309937,
      0.2883787453174591
    ]
  ],
  "MOPO": [
    [
      0.014117150567471981,
      0.01683494821190834,
      0.030266940593719482,
      0.01847962848842144,
      0.02370632253587246,
      0.015581579878926277,
      0.0182852391153574,
      0.020390326157212257,
      0.02686283551156521,
      0.02022414840757847
    ],
    [
      0.029439633712172508,
      0.021038735285401344,
      0.022713234648108482,
      0.01901254430413246,
      0.03477238491177559,
      0.024637099355459213,
      0.01933138445019722,
      0.021554214879870415,
      0.019955746829509735,
      0.01767311803996563
    ],
    [
      0.021888984367251396,
      0.01937139593064785,
      0.026594677940011024,
      0.030167346820235252,
      0.019015131518244743,
      0.02328266203403473,
      0.0314502939581871,
      0.02990761026740074,
      0.025514226406812668,
      0.033011846244335175
    ]
  ],
  "APTQ-CQL": [
    [
      0.07923988997936249,
      0.23068639636039734,
      0.455781489610672,
      0.669654130935669,
      0.8725494146347046,
      1.0987950563430786,
      1.231013298034668,
      1.4869199991226196,
      1.6435246467590332,
      1.7967630624771118
    ],
    [
      0.08061696588993073,
      0.2716164290904999,
      0.47502046823501587,
      0.6177376508712769,
      0.8330939412117004,
      0.9914557337760925,
      1.1970562934875488,
      1.4410444498062134,
      1.537827491760254,
      1.720149040222168
    ],
    [
      0.19829535484313965,
      0.3686204254627228,
      0.5122186541557312,
      0.7411434054374695,
      0.9321302771568298,
      1.1102656126022339,
      1.35197913646698,
      1.5063178539276123,
      1.6688737869262695,
      1.8908241987228394
    ]
  ]
}