{
  "dataset": "maze2d-large-sparse-v1",
  "knn_k": 10,
  "diag_sample": 50000,
  "global_mean_uncertainty": 0.07304214686155319,
  "algorithms": {
    "CQL": {
      "High": {
        "n": 16667,
        "CER": -33.743202209472656,
        "URC": 0.25047711745798956,
        "mean_Q_BC": 0.28690043091773987,
        "mean_Q_algo": 2.7515766620635986,
        "mean_uncertainty": 0.05606613680720329
      },
      "Med": {
        "n": 16666,
        "CER": -31.590829849243164,
        "URC": 0.3600513304165271,
        "mean_Q_BC": 0.49549418687820435,
        "mean_Q_algo": 2.8029561042785645,
        "mean_uncertainty": 0.07540921866893768
      },
      "Low": {
        "n": 16667,
        "CER": -31.96303939819336,
        "URC": 0.5064095238223659,
        "mean_Q_BC": 0.576863169670105,
        "mean_Q_algo": 2.911512851715088,
        "mean_uncertainty": 0.08765120804309845
      }
    },
    "APTQ-CQL": {
      "High": {
        "n": 16667,
        "CER": -16.490734100341797,
        "URC": 0.25047711745798956,
        "mean_Q_BC": 0.28690043091773987,
        "mean_Q_algo": 1.4914191961288452,
        "mean_uncertainty": 0.05606613680720329
      },
      "Med": {
        "n": 16666,
        "CER": -15.0562162399292,
        "URC": 0.3600513304165271,
        "mean_Q_BC": 0.49549418687820435,
        "mean_Q_algo": 1.5952327251434326,
        "mean_uncertainty": 0.07540921866893768
      },
      "Low": {
        "n": 16667,
        "CER": -14.779776573181152,
        "URC": 0.5064095238223659,
        "mean_Q_BC": 0.576863169670105,
        "mean_Q_algo": 1.6564098596572876,
        "mean_uncertainty": 0.08765120804309845
      }
    }
  }
}