{
  "TD3-BC": [
    -0.022804525991280872,
    -0.00247454767425855,
    0.025196172345507268,
    0.04750690050423145,
    0.07877029106020927,
    0.10703148444493611,
    0.13415093223253885,
    0.17427140971024832,
    0.2100148250659307,
    0.22119638323783875
  ],
  "CQL": [
    0.2924208988746007,
    0.5232700804869334,
    0.862230916817983,
    1.1916768948237102,
    1.5820348262786865,
    1.9137760003407795,
    2.2439798514048257,
    2.6064515908559165,
    2.866292715072632,
    3.224706252415975
  ],
  "Ensemble": [
    0.021407851328452427,
    0.041591349989175797,
    0.06350596000750859,
    0.08224863062302272,
    0.10934400310118993,
    0.13792656858762106,
    0.1582627296447754,
    0.19531133770942688,
    0.2301325003306071,
    0.2400516370932261
  ],
  "BEAR": [
    0.007377086052050193,
    0.004056346292297046,
    0.028598378412425518,
    0.033794098223249115,
    0.053552476689219475,
    0.06767303496599197,
    0.07960464432835579,
    0.09045922507842381,
    0.10202527791261673,
    0.12217385073502858
  ],
  "UWAC": [
    0.0348211315770944,
    0.054553207010030746,
    0.08782606571912766,
    0.10964160412549973,
    0.1380586971839269,
    0.17233896255493164,
    0.20270230869452158,
    0.23581243554751077,
    0.2699720561504364,
    0.2986968259016673
  ],
  "MOPO": [
    0.021815256215631962,
    0.01908169314265251,
    0.026524951060612995,
    0.02255317320426305,
    0.025831279655297596,
    0.021167113756140072,
    0.023022305841247242,
    0.023950717101494472,
    0.02411093624929587,
    0.02363637089729309
  ],
  "APTQ-CQL": [
    0.11938407023747762,
    0.29030775030454,
    0.4810068706671397,
    0.6761783957481384,
    0.879257877667745,
    1.066838800907135,
    1.2600162426630657,
    1.4780941009521484,
    1.6167419751485188,
    1.8025787671407063
  ]
}