{
  "TD3-BC": [
    [
      -0.04923533648252487,
      -0.061025768518447876,
      -0.05060504004359245,
      -0.004855953622609377,
      -0.005642111413180828,
      0.043927330523729324,
      0.05191843956708908,
      0.0699860230088234,
      0.08274126797914505,
      0.10092998296022415
    ],
    [
      -0.05950085446238518,
      -0.04196936637163162,
      -0.043753910809755325,
      -0.012946652248501778,
      -0.010190041735768318,
      0.04910086840391159,
      0.04060916602611542,
      0.05532994866371155,
      0.12546716630458832,
      0.152792826294899
    ],
    [
      0.02996997907757759,
      0.02993425354361534,
      0.040479689836502075,
      0.05109546333551407,
      0.04807520657777786,
      0.061722032725811005,
      0.09667074680328369,
      0.12426235526800156,
      0.1341799795627594,
      0.16339647769927979
    ]
  ],
  "CQL": [
    [
      0.38212087750434875,
      0.6686030030250549,
      0.7347092628479004,
      0.9693430662155151,
      1.2003960609436035,
      1.4151055812835693,
      1.6557021141052246,
      1.9210267066955566,
      2.2514266967773438,
      2.4312119483947754
    ],
    [
      0.4073655307292938,
      0.5637283325195312,
      0.7943187952041626,
      1.0058398246765137,
      1.2967537641525269,
      1.6398680210113525,
      1.9034637212753296,
      2.199215888977051,
      2.4639813899993896,
      2.812180757522583
    ],
    [
      0.47025713324546814,
      0.6496767997741699,
      0.8083552718162537,
      0.9820165038108826,
      1.2777073383331299,
      1.4188079833984375,
      1.7213202714920044,
      1.9687726497650146,
      2.2643723487854004,
      2.3209762573242188
    ]
  ],
  "Ensemble": [
    [
      0.00097166612977162,
      -0.006406640633940697,
      0.007441143970936537,
      0.03919919207692146,
      0.04166853055357933,
      0.08336340636014938,
      0.08905086666345596,
      0.1142340824007988,
      0.12495345622301102,
      0.15621104836463928
    ],
    [
      -0.0018103310139849782,
      -1.9060242266277783e-05,
      0.000590581214055419,
      0.023606933653354645,
      0.014753970317542553,
      0.06824042648077011,
      0.055189099162817,
      0.07767925411462784,
      0.10298780351877213,
      0.1386108696460724
    ],
    [
      0.008903611451387405,
      0.008418004028499126,
      0.025350425392389297,
      0.04650108516216278,
      0.029078705236315727,
      0.05789339169859886,
      0.08567079156637192,
      0.09815513342618942,
      0.10426879674196243,
      0.14762148261070251
    ]
  ],
  "BEAR": [
    [
      -0.04497017711400986,
      -0.04978905990719795,
      -0.026615893468260765,
      -0.03678945451974869,
      -0.012861997820436954,
      -0.027777496725320816,
      -0.02136520855128765,
      -0.014534629881381989,
      -0.010564750991761684,
      -0.005336591973900795
    ],
    [
      0.002105678664520383,
      0.005915103945881128,
      0.016313284635543823,
      0.020750420168042183,
      0.03187478706240654,
      0.03956671431660652,
      0.050322700291872025,
      0.05848969146609306,
      0.0752931460738182,
      0.07206461578607559
    ],
    [
      -0.06669909507036209,
      -0.05302634835243225,
      -0.062110643833875656,
      -0.06900707632303238,
      -0.07126975059509277,
      -0.06794033199548721,
      -0.056189753115177155,
      -0.06556730717420578,
      -0.053302545100450516,
      -0.06631489098072052
    ]
  ],
  "UWAC": [
    [
      0.017183620482683182,
      0.014713232405483723,
      0.028312180191278458,
      0.0424673967063427,
      0.06667478382587433,
      0.08983943611383438,
      0.10622631758451462,
      0.12645943462848663,
      0.1595272272825241,
      0.1802457869052887
    ],
    [
      0.008012033067643642,
      0.013049507513642311,
      0.0360138975083828,
      0.041820622980594635,
      0.06617368757724762,
      0.08502794057130814,
      0.09621841460466385,
      0.09990525990724564,
      0.12216755002737045,
      0.14413775503635406
    ],
    [
      0.014375925995409489,
      0.02029995247721672,
      0.04040654003620148,
      0.06150582432746887,
      0.07559645175933838,
      0.08503212779760361,
      0.11582482606172562,
      0.14577341079711914,
      0.1435277760028839,
      0.1748422533273697
    ]
  ],
  "MOPO": [
    [
      0.009757500141859055,
      0.009952998720109463,
      0.021132217720150948,
      0.011850431561470032,
      0.017652863636612892,
      0.017331233248114586,
      0.014541955664753914,
      0.012269604951143265,
      0.011664101853966713,
      0.013620708137750626
    ],
    [
      0.012554294429719448,
      0.015403171069920063,
      0.01609349437057972,
      0.015645800158381462,
      0.012679981999099255,
      0.014157813973724842,
      0.012185821309685707,
      0.012191293761134148,
      0.018911611288785934,
      0.011295837350189686
    ],
    [
      0.008410440757870674,
      0.008969512768089771,
      0.018098140135407448,
      0.014903285540640354,
      0.013106761500239372,
      0.012781958095729351,
      0.01938670501112938,
      0.011582252569496632,
      0.015480541624128819,
      0.019232526421546936
    ]
  ],
  "APTQ-CQL": [
    [
      0.1507636159658432,
      0.2425268590450287,
      0.37574905157089233,
      0.5012089610099792,
      0.5488888621330261,
      0.683998167514801,
      0.8171687722206116,
      1.0093501806259155,
      1.0940133333206177,
      1.2928345203399658
    ],
    [
      0.1439586728811264,
      0.2694086730480194,
      0.3875725269317627,
      0.4905639588832855,
      0.6792709231376648,
      0.8742191195487976,
      0.993291974067688,
      1.2416703701019287,
      1.4009506702423096,
      1.6029536724090576
    ],
    [
      0.2574571371078491,
      0.3604770600795746,
      0.45860838890075684,
      0.5621309280395508,
      0.7438023686408997,
      0.8836533427238464,
      1.124813437461853,
      1.3434761762619019,
      1.4266325235366821,
      1.5847114324569702
    ]
  ]
}