{
  "TD3-BC": [
    [
      -0.4896954298019409,
      -0.4528096616268158,
      -0.4202503263950348,
      -0.3968105614185333,
      -0.37808936834335327,
      -0.36311087012290955,
      -0.34927526116371155,
      -0.3394838869571686,
      -0.33474424481391907,
      -0.32397475838661194
    ],
    [
      -0.4899643063545227,
      -0.4503830075263977,
      -0.41427087783813477,
      -0.39110949635505676,
      -0.3719303011894226,
      -0.3538649380207062,
      -0.34151437878608704,
      -0.331791490316391,
      -0.321920245885849,
      -0.31715133786201477
    ],
    [
      -0.48645609617233276,
      -0.4389127492904663,
      -0.40603017807006836,
      -0.38347792625427246,
      -0.3648839294910431,
      -0.35261741280555725,
      -0.34157663583755493,
      -0.331598162651062,
      -0.32321619987487793,
      -0.3179285526275635
    ]
  ],
  "CQL": [
    [
      0.004359012469649315,
      -0.01673942431807518,
      -0.20697925984859467,
      0.01834496110677719,
      -0.06024911254644394,
      -0.12173344194889069,
      -0.12062767148017883,
      0.09684082120656967,
      -0.12097035348415375,
      -0.2697334885597229
    ],
    [
      0.039225369691848755,
      0.0609612762928009,
      0.01874154806137085,
      0.03257644176483154,
      -0.020707612857222557,
      -0.329845130443573,
      -0.10542386770248413,
      0.2878674268722534,
      0.46617600321769714,
      0.36263322830200195
    ],
    [
      -0.06459929794073105,
      -0.01485341414809227,
      0.13737501204013824,
      -0.21225334703922272,
      0.2847437560558319,
      0.09833867847919464,
      0.3635946810245514,
      -0.009237945079803467,
      0.42380958795547485,
      -0.014287825673818588
    ]
  ],
  "Ensemble": [
    [
      0.030372340232133865,
      0.01937955729663372,
      0.03039141483604908,
      0.015443683601915836,
      0.030295734107494355,
      0.026629230380058287,
      0.030318275466561316,
      0.02676786743104458,
      0.01590062715113163,
      0.03050960935652256
    ],
    [
      0.015430321730673314,
      0.030354223772883417,
      0.012500209733843803,
      0.0229245375841856,
      0.008181405998766423,
      0.00797095224261284,
      0.02296445593237877,
      0.03834265395998955,
      0.02305142879486084,
      0.02674644663929939
    ],
    [
      0.015432377532124519,
      0.011650170013308526,
      0.03400518372654915,
      0.02674471102654934,
      0.012201409228146077,
      0.015411212295293807,
      0.02291775159537792,
      0.011741398833692074,
      0.01576799023896456,
      0.03038723170757294
    ]
  ],
  "BEAR": [
    [
      -1.5522270202636719,
      -1.5522480010986328,
      -1.5522594451904297,
      -1.5522658824920654,
      -1.5522695779800415,
      -1.5522716045379639,
      -1.5522727966308594,
      -1.5522737503051758,
      -1.5522741079330444,
      -1.552274465560913
    ],
    [
      -1.5497254133224487,
      -1.549752116203308,
      -1.5497692823410034,
      -1.5497757196426392,
      -1.5497779846191406,
      -1.5497790575027466,
      -1.5497797727584839,
      -1.549780011177063,
      -1.549780011177063,
      -1.549780249595642
    ],
    [
      -1.5497424602508545,
      -1.549762487411499,
      -1.549772024154663,
      -1.5497761964797974,
      -1.5497779846191406,
      -1.5497790575027466,
      -1.5497796535491943,
      -1.5497798919677734,
      -1.549780011177063,
      -1.549780249595642
    ]
  ],
  "UWAC": [
    [
      0.02642909437417984,
      0.028783708810806274,
      0.026847681030631065,
      0.01984969526529312,
      0.032517269253730774,
      0.024709541350603104,
      0.026345867663621902,
      0.01915884204208851,
      0.03700465336441994,
      0.016011185944080353
    ],
    [
      0.00932583212852478,
      0.02394627034664154,
      0.04362082853913307,
      0.03402100130915642,
      0.02152133919298649,
      0.015737920999526978,
      0.03440633416175842,
      0.019015846773982048,
      0.03535035252571106,
      0.01932206191122532
    ],
    [
      0.011600492522120476,
      0.009177960455417633,
      0.030883993953466415,
      0.03206288069486618,
      0.0364159420132637,
      0.020620234310626984,
      0.023679129779338837,
      0.020822323858737946,
      0.037928417325019836,
      0.024652007967233658
    ]
  ],
  "MOPO": [
    [
      0.04238418489694595,
      0.042743708938360214,
      0.028757447376847267,
      0.023631587624549866,
      0.02419191785156727,
      0.003934848587960005,
      0.02009529620409012,
      0.020099982619285583,
      0.02249787375330925,
      0.018667452037334442
    ],
    [
      0.04005719721317291,
      0.017158623784780502,
      0.03622215986251831,
      0.020481213927268982,
      0.03939414769411087,
      0.025423843413591385,
      0.0290649626404047,
      0.036456190049648285,
      0.02538469061255455,
      0.020482109859585762
    ],
    [
      0.030423488467931747,
      0.018640825524926186,
      0.004351133946329355,
      0.042411964386701584,
      0.021920839324593544,
      0.02023794874548912,
      0.023300906643271446,
      0.005601185839623213,
      0.015490898862481117,
      0.013596446253359318
    ]
  ],
  "APTQ-CQL": [
    [
      0.17742908000946045,
      0.07128752768039703,
      0.41678398847579956,
      0.6500911712646484,
      0.7160234451293945,
      0.6927046775817871,
      0.9697437286376953,
      1.1101912260055542,
      1.3102426528930664,
      0.8763010501861572
    ],
    [
      0.21665000915527344,
      0.31756871938705444,
      0.571617066860199,
      0.7384672164916992,
      0.785689115524292,
      1.108109474182129,
      1.1665937900543213,
      0.9988082647323608,
      1.1136655807495117,
      0.9585278034210205
    ],
    [
      0.04445001110434532,
      0.44025248289108276,
      0.716131329536438,
      0.8124957084655762,
      0.834318995475769,
      0.9066727161407471,
      1.1446008682250977,
      1.0211052894592285,
      0.9913237690925598,
      1.2591325044631958
    ]
  ]
}