{
  "dataset": "maze2d-medium-sparse-v1",
  "knn_k": 10,
  "diag_sample": 50000,
  "global_mean_uncertainty": 0.07685849815607071,
  "algorithms": {
    "CQL": {
      "High": {
        "n": 16667,
        "CER": -14.465180397033691,
        "URC": 0.5383416429831651,
        "mean_Q_BC": 1.2216086387634277,
        "mean_Q_algo": 2.333380937576294,
        "mean_uncertainty": 0.06976233422756195
      },
      "Med": {
        "n": 16666,
        "CER": -16.5773983001709,
        "URC": 0.5247677580088115,
        "mean_Q_BC": 1.2059903144836426,
        "mean_Q_algo": 2.480104446411133,
        "mean_uncertainty": 0.07661380618810654
      },
      "Low": {
        "n": 16667,
        "CER": -17.564170837402344,
        "URC": 0.47857863840176057,
        "mean_Q_BC": 0.9620593190193176,
        "mean_Q_algo": 2.3120152950286865,
        "mean_uncertainty": 0.08419931679964066
      }
    },
    "APTQ-CQL": {
      "High": {
        "n": 16667,
        "CER": -3.112090587615967,
        "URC": 0.5383416429831651,
        "mean_Q_BC": 1.2216086387634277,
        "mean_Q_algo": 1.460799217224121,
        "mean_uncertainty": 0.06976233422756195
      },
      "Med": {
        "n": 16666,
        "CER": -3.941992998123169,
        "URC": 0.5247677580088115,
        "mean_Q_BC": 1.2059903144836426,
        "mean_Q_algo": 1.508966088294983,
        "mean_uncertainty": 0.07661380618810654
      },
      "Low": {
        "n": 16667,
        "CER": -5.034292697906494,
        "URC": 0.47857863840176057,
        "mean_Q_BC": 0.9620593190193176,
        "mean_Q_algo": 1.3489876985549927,
        "mean_uncertainty": 0.08419931679964066
      }
    }
  }
}