{
  "TD3-BC": [
    -0.485527902841568,
    -0.441110759973526,
    -0.40873560309410095,
    -0.3849407434463501,
    -0.36245661973953247,
    -0.3540920615196228,
    -0.3426218032836914,
    -0.3335481286048889,
    -0.3242393136024475,
    -0.3226093053817749
  ],
  "CQL": [
    -0.043787866830825806,
    -0.09857853502035141,
    0.01417599618434906,
    0.0908280536532402,
    0.03766469657421112,
    0.08797202259302139,
    0.10289804637432098,
    -0.062062472105026245,
    0.03539544343948364,
    -0.003459285944700241
  ],
  "Ensemble": [
    0.005381014943122864,
    0.01918582580983639,
    0.03409504145383835,
    0.030340786278247833,
    0.019362282007932663,
    0.007984809763729572,
    0.015551041625440121,
    0.026681234315037727,
    0.04131046831607819,
    0.026607130840420722
  ],
  "BEAR": [
    -1.5497472286224365,
    -1.5497673749923706,
    -1.549775242805481,
    -1.5497779846191406,
    -1.5497792959213257,
    -1.5497797727584839,
    -1.549780011177063,
    -1.549780249595642,
    -1.549780249595642,
    -1.5497803688049316
  ],
  "UWAC": [
    0.014665314927697182,
    0.028744325041770935,
    0.02609645202755928,
    0.03602365031838417,
    0.023211602121591568,
    0.03969090059399605,
    0.017603475600481033,
    0.03730117157101631,
    0.023109525442123413,
    0.0248559582978487
  ],
  "MOPO": [
    0.0394541472196579,
    0.00957496091723442,
    0.03131626546382904,
    0.01129682082682848,
    0.020917817950248718,
    0.023769617080688477,
    0.04371356591582298,
    0.020315466448664665,
    0.023344125598669052,
    0.023253435268998146
  ],
  "APTQ-CQL": [
    0.24719315767288208,
    0.44680890440940857,
    0.55000901222229,
    0.6130641102790833,
    0.9576025605201721,
    0.9582024216651917,
    0.6802297830581665,
    0.9725929498672485,
    1.101732850074768,
    1.0651594400405884
  ]
}