{
  "TD3-BC": [
    -0.026255403955777485,
    -0.024353627115488052,
    -0.017959753672281902,
    0.011097619154800972,
    0.01074768447627624,
    0.05158341055115064,
    0.06306611746549606,
    0.0831927756468455,
    0.11412947128216426,
    0.1390397623181343
  ],
  "CQL": [
    0.41991451382637024,
    0.6273360451062521,
    0.7791277766227722,
    0.9857331315676371,
    1.2582857211430867,
    1.4912605285644531,
    1.7601620356241863,
    2.0296717484792075,
    2.3265934785207114,
    2.521456321080526
  ],
  "Ensemble": [
    0.002688315522391349,
    0.0006641010507640507,
    0.011127383525793752,
    0.036435736964146294,
    0.028500402035812538,
    0.06983240817983945,
    0.07663691913088162,
    0.09668948998053868,
    0.11073668549458186,
    0.1474811335404714
  ],
  "BEAR": [
    -0.036521197839950524,
    -0.03230010143791636,
    -0.0241377508888642,
    -0.028348703558246296,
    -0.01741898711770773,
    -0.018717038134733837,
    -0.009077420458197594,
    -0.007204081863164902,
    0.0038086166605353355,
    0.00013771094381809235
  ],
  "UWAC": [
    0.013190526515245438,
    0.016020897465447586,
    0.03491087257862091,
    0.04859794800480207,
    0.06948164105415344,
    0.08663316816091537,
    0.10608985275030136,
    0.12404603511095047,
    0.1417408511042595,
    0.16640859842300415
  ],
  "MOPO": [
    0.010240745109816393,
    0.011441894186039766,
    0.01844128407537937,
    0.01413317242016395,
    0.014479869045317173,
    0.014757001772522926,
    0.015371493995189667,
    0.012014383760591349,
    0.015352084922293821,
    0.014716357303162416
  ],
  "APTQ-CQL": [
    0.18405980865160623,
    0.2908041973908742,
    0.40730998913447064,
    0.5179679493109385,
    0.6573207179705302,
    0.8139568765958151,
    0.9784247279167175,
    1.1981655756632488,
    1.3071988423665364,
    1.4934998750686646
  ]
}