{
  "TD3-BC": [
    [
      0.20498619973659515,
      0.26163551211357117,
      0.2801456153392792,
      0.30793389678001404,
      0.3340315818786621,
      0.3621349632740021,
      0.3950209617614746,
      0.4228111803531647,
      0.45226728916168213,
      0.4869813919067383
    ],
    [
      0.20064137876033783,
      0.24675729870796204,
      0.2697639763355255,
      0.30328696966171265,
      0.34018585085868835,
      0.37559205293655396,
      0.40309789776802063,
      0.4338074326515198,
      0.45778700709342957,
      0.49532806873321533
    ],
    [
      -0.054090019315481186,
      -0.02158118411898613,
      0.011322217993438244,
      0.043899569660425186,
      0.07695069909095764,
      0.10882019251585007,
      0.13778802752494812,
      0.1701502501964569,
      0.20002423226833344,
      0.22937919199466705
    ]
  ],
  "CQL": [
    [
      1.605146884918213,
      2.710214376449585,
      4.157199382781982,
      5.760369300842285,
      7.557363986968994,
      9.0142822265625,
      10.354252815246582,
      11.286271095275879,
      11.702150344848633,
      12.142084121704102
    ],
    [
      1.520387887954712,
      2.704901695251465,
      4.339334964752197,
      5.865449905395508,
      7.416079521179199,
      9.232489585876465,
      10.752115249633789,
      11.764948844909668,
      12.01449966430664,
      12.087789535522461
    ],
    [
      1.0898460149765015,
      2.2364025115966797,
      3.6536600589752197,
      5.2922139167785645,
      7.120003700256348,
      9.170785903930664,
      10.742511749267578,
      11.620311737060547,
      12.04508113861084,
      12.268545150756836
    ]
  ],
  "Ensemble": [
    [
      0.10060206055641174,
      0.13353419303894043,
      0.164786234498024,
      0.19573131203651428,
      0.2248409241437912,
      0.2523799538612366,
      0.2802049219608307,
      0.30914002656936646,
      0.3366905152797699,
      0.36489999294281006
    ],
    [
      0.10998963564634323,
      0.14163538813591003,
      0.169988751411438,
      0.19863589107990265,
      0.228546604514122,
      0.25813528895378113,
      0.28606298565864563,
      0.31248506903648376,
      0.3403080105781555,
      0.3678414523601532
    ],
    [
      -0.00018686190014705062,
      0.031717099249362946,
      0.06240146607160568,
      0.09192534536123276,
      0.12573425471782684,
      0.15576215088367462,
      0.18507331609725952,
      0.2146407514810562,
      0.24512700736522675,
      0.27339258790016174
    ]
  ],
  "BEAR": [
    [
      -0.057609088718891144,
      -0.13844990730285645,
      -0.2527892291545868,
      -0.3767741322517395,
      -0.5171114802360535,
      -0.6741856336593628,
      -0.8576971888542175,
      -1.058701753616333,
      -1.344072699546814,
      -1.655295729637146
    ],
    [
      0.14618456363677979,
      0.23346726596355438,
      0.3524007797241211,
      0.5172351002693176,
      0.7047895789146423,
      0.9584463834762573,
      1.2506989240646362,
      1.6305454969406128,
      2.1037073135375977,
      2.7173309326171875
    ],
    [
      0.05622110515832901,
      0.1188494861125946,
      0.17235440015792847,
      0.21233554184436798,
      0.23826196789741516,
      0.24491655826568604,
      0.24759997427463531,
      0.2294701486825943,
      0.19471973180770874,
      0.1386050283908844
    ]
  ],
  "UWAC": [
    [
      0.1264418512582779,
      0.18091225624084473,
      0.24060972034931183,
      0.2991905212402344,
      0.3591683506965637,
      0.4205549359321594,
      0.4825691282749176,
      0.5587014555931091,
      0.6693655252456665,
      0.783903181552887
    ],
    [
      0.1367342621088028,
      0.1811082661151886,
      0.2221955507993698,
      0.26172685623168945,
      0.3027089238166809,
      0.3458918035030365,
      0.389400839805603,
      0.4414639174938202,
      0.5143634080886841,
      0.6450866460800171
    ],
    [
      0.007189668249338865,
      0.04563800245523453,
      0.08693786710500717,
      0.12413215637207031,
      0.16601437330245972,
      0.20352321863174438,
      0.2571743428707123,
      0.31358399987220764,
      0.38188326358795166,
      0.461896687746048
    ]
  ],
  "MOPO": [
    [
      0.029943715780973434,
      0.027567757293581963,
      0.027701381593942642,
      0.029040329158306122,
      0.02832254022359848,
      0.03046630509197712,
      0.02754627726972103,
      0.028789110481739044,
      0.028978213667869568,
      0.029665915295481682
    ],
    [
      0.03219834342598915,
      0.02816198393702507,
      0.02859587036073208,
      0.029640361666679382,
      0.02648056671023369,
      0.029294811189174652,
      0.031046701595187187,
      0.027244992554187775,
      0.028226155787706375,
      0.029969757422804832
    ],
    [
      0.030122442170977592,
      0.0264924094080925,
      0.03138911351561546,
      0.027170684188604355,
      0.028577007353305817,
      0.029058361425995827,
      0.030119994655251503,
      0.030351735651493073,
      0.02779039368033409,
      0.03036346100270748
    ]
  ],
  "APTQ-CQL": [
    [
      0.9719367027282715,
      1.7051738500595093,
      2.533665895462036,
      3.533306360244751,
      4.539473533630371,
      5.5276923179626465,
      6.66774845123291,
      7.864682674407959,
      8.647236824035645,
      9.622539520263672
    ],
    [
      1.0453195571899414,
      1.7189512252807617,
      2.7593722343444824,
      3.5364608764648438,
      4.551181793212891,
      5.643979072570801,
      7.070549964904785,
      8.368592262268066,
      9.151506423950195,
      9.80960750579834
    ],
    [
      0.5290311574935913,
      1.3089767694473267,
      2.262411594390869,
      3.1773343086242676,
      4.184202194213867,
      5.481635093688965,
      6.711977958679199,
      7.893507957458496,
      8.9898042678833,
      9.920491218566895
    ]
  ]
}