{
  "TD3-BC": [
    0.11717918639381726,
    0.16227054223418236,
    0.1870772698894143,
    0.2183734787007173,
    0.2503893772761027,
    0.28218240290880203,
    0.31196896235148114,
    0.3422562877337138,
    0.3700261761744817,
    0.40389621754487354
  ],
  "CQL": [
    1.405126929283142,
    2.5505061944325766,
    4.0500648021698,
    5.639344374338786,
    7.364482402801514,
    9.139185905456543,
    10.61629327138265,
    11.557177225748697,
    11.920577049255371,
    12.166139602661133
  ],
  "Ensemble": [
    0.07013494476753597,
    0.10229556014140447,
    0.1323921506603559,
    0.16209751615921655,
    0.19304059445858002,
    0.22209246456623077,
    0.2504470745722453,
    0.2787552823623021,
    0.3073751777410507,
    0.3353780110677083
  ],
  "BEAR": [
    0.04826552669207255,
    0.07128894825776418,
    0.09065531690915425,
    0.1175988366206487,
    0.14198002219200134,
    0.17639243602752686,
    0.21353390316168466,
    0.267104630668958,
    0.3181181152661641,
    0.4002134104569753
  ],
  "UWAC": [
    0.09012192720547318,
    0.1358861749370893,
    0.1832477127512296,
    0.2283498446146647,
    0.2759638826052348,
    0.3233233193556468,
    0.3763814369837443,
    0.43791645765304565,
    0.5218707323074341,
    0.6302955051263174
  ],
  "MOPO": [
    0.030754833792646725,
    0.027407383546233177,
    0.02922878849009673,
    0.028617125004529953,
    0.027793371429045994,
    0.0296064925690492,
    0.029570991173386574,
    0.028795279562473297,
    0.028331587711970013,
    0.029999711240331333
  ],
  "APTQ-CQL": [
    0.8487624724706014,
    1.5777006149291992,
    2.5184832413991294,
    3.4157005151112876,
    4.424952507019043,
    5.551102161407471,
    6.816758791605632,
    8.042260964711508,
    8.929515838623047,
    9.784212748209635
  ]
}